{
"apk_version":"1.0",
"js_version":"1.0",
"list":[
    {"widget_id":0,
     "ver":"1.0"
    },
    {"widget_id":1,
	 "ver":"1.0"
    },
    {"widget_id":2,
	"ver":"1.0"
    },
    {"widget_id":3,
	"ver":"1.0"
    },
    {"widget_id":4,
	"ver":"1.0"
    },
    {"widget_id":5,
	"ver":"1.0"
    },
    {"widget_id":6,
	"ver":"1.0"
    },
    {"widget_id":7,
	"ver":"1.0"
    },
    {"widget_id":8,
	"ver":"1.0"
    },
    {"widget_id":9,
	"ver":"1.0"
    },
    {"widget_id":10,
	"ver":"1.0"
    },
    {"widget_id":11,
	"ver":"1.0"
    },
    {"widget_id":12,
	"ver":"1.0"
    },
    {"widget_id":13,
	"ver":"1.0"
    },
    {"widget_id":14,
	"ver":"1.0"
    },
    {"widget_id":15,
	"ver":"1.0"
    },
    {"widget_id":16,
	"ver":"1.0"
    },
    {"widget_id":17,
	"ver":"1.0"
    },
    {"widget_id":18,
	"ver":"1.0"
    },
    {"widget_id":19,
	"ver":"1.0"
    },
    {"widget_id":20,
	"ver":"1.0"
    },
    {"widget_id":21,
	"ver":"1.0"
    },
    {"widget_id":22,
	"ver":"1.0"
    },
    {"widget_id":23,
	"ver":"1.1"
    },
    {"widget_id":24,
	"ver":"1.0"
    },
    {"widget_id":25,
	"ver":"1.0"
    },
    {"widget_id":26,
	"ver":"1.0"
    },
    {"widget_id":27,
	"ver":"1.0"
    },
    {"widget_id":28,
	"ver":"1.0"
    },
    {"widget_id":29,
	"ver":"1.0"
    },
    {"widget_id":30,
	"ver":"1.0"
    },
    {"widget_id":31,
	"ver":"1.0"
    },
    {"widget_id":32,
	"ver":"1.0"
    },
    {"widget_id":33,
	"ver":"1.0"
    },
    {"widget_id":34,
	"ver":"1.0"
    },
    {"widget_id":35,
	"ver":"1.0"
    },
    {"widget_id":36,
	"ver":"1.0"
    },
    {"widget_id":37,
	"ver":"1.0"
    },
    {"widget_id":38,
	"ver":"1.0"
    },
    {"widget_id":39,
	"ver":"1.0"
    },
    {"widget_id":40,
	"ver":"1.0"
    },
    {"widget_id":41,
	"ver":"1.0"
    },
    {"widget_id":42,
	"ver":"1.0"
    },
    {"widget_id":43,
	"ver":"1.0"
    },
    {"widget_id":44,
	"ver":"1.0"
    },
    {"widget_id":45,
	"ver":"1.0"
    },
    {"widget_id":47,
    "ver":"1.0"
    },
    {"widget_id":48,
    "ver":"1.0"
    },
    {"widget_id":49,
    "ver":"1.0"
    },
    {"widget_id":50,
    "ver":"1.0"
    },
    {"widget_id":51,
    "ver":"1.0"
    },
    {"widget_id":52,
    "ver":"1.0"
    }
]
}
